{"cameraMode":{"drawMode":0,"name":"Shaded","section":"Shading Mode"},"sceneLighting":true,"audioPlay":false,"sceneViewState":{"showFog":true,"showMaterialUpdate":true,"showSkybox":true,"showFlares":true,"showImageEffects":true,"showParticleSystems":true},"in2DMode":false,"pivot":{"x":2.5115513801574709,"y":0.8328408598899841,"z":64.4664306640625},"rotation":{"x":0.18160298466682435,"y":-0.7114256620407105,"z":0.1990455538034439,"w":0.6490806341171265},"size":1.4504048824310303,"orthographic":false}