{"cameraMode":{"drawMode":0,"name":"Shaded","section":"Shading Mode"},"sceneLighting":true,"audioPlay":false,"sceneViewState":{"showFog":true,"showMaterialUpdate":true,"showSkybox":true,"showFlares":true,"showImageEffects":true,"showParticleSystems":true},"in2DMode":false,"pivot":{"x":-2.3956801891326906,"y":-0.2856281101703644,"z":14.479949951171875},"rotation":{"x":-0.16780665516853333,"y":-0.27767783403396609,"z":0.049328550696372989,"w":-0.9446280598640442},"size":1.3201713562011719,"orthographic":false}