{"cameraMode":{"drawMode":0,"name":"Shaded","section":"Shading Mode"},"sceneLighting":false,"audioPlay":false,"sceneViewState":{"showFog":true,"showMaterialUpdate":true,"showSkybox":false,"showFlares":true,"showImageEffects":true,"showParticleSystems":true},"in2DMode":false,"pivot":{"x":149.76797485351563,"y":-0.17435264587402345,"z":-0.35500383377075198},"rotation":{"x":-0.1769036054611206,"y":-0.7689555287361145,"z":0.24065880477428437,"w":-0.5652579069137573},"size":11.752608299255371,"orthographic":false}