{"cameraMode":{"drawMode":0,"name":"Shaded","section":"Shading Mode"},"sceneLighting":true,"audioPlay":false,"sceneViewState":{"showFog":true,"showMaterialUpdate":true,"showSkybox":true,"showFlares":true,"showImageEffects":true,"showParticleSystems":true},"in2DMode":false,"pivot":{"x":2.8828446865081789,"y":4.746697902679443,"z":-1.5156174898147584},"rotation":{"x":-0.2942081689834595,"y":0.49707818031311037,"z":-0.1838792860507965,"w":-0.7953284382820129},"size":2.046611785888672,"orthographic":false}